N_CTX,Triton [FP16],Triton [FP8],Flash-2
1024.000000,29.542024,28.998983,32.605004
2048.000000,37.940845,38.009013,44.092122
4096.000000,44.109361,44.957038,53.496343
8192.000000,49.377430,49.567074,61.762634
16384.000000,51.702742,51.938076,66.066257
